mail_morphological_001,project_info
mail_morphological_002,project_info
mail_morphological_003,engineer_info
mail_morphological_004,project_info
mail_morphological_005,engineer_info
mail_morphological_006,project_info
mail_morphological_007,engineer_info
mail_morphological_008,project_info
mail_morphological_009,engineer_info
mail_morphological_010,project_info
mail_morphological_011,engineer_info
mail_morphological_012,project_info
mail_morphological_013,engineer_info
mail_morphological_014,project_info
mail_morphological_015,engineer_info
mail_morphological_016,project_info
mail_morphological_017,engineer_info
mail_morphological_018,project_info
mail_morphological_019,engineer_info
mail_morphological_020,project_info
mail_morphological_021,engineer_info
mail_morphological_022,project_info
mail_morphological_023,engineer_info
mail_morphological_024,project_info
mail_morphological_025,engineer_info
mail_morphological_026,project_info
mail_morphological_027,engineer_info
mail_morphological_028,project_info
mail_morphological_029,engineer_info
mail_morphological_030,project_info
mail_morphological_031,engineer_info
mail_morphological_032,project_info
mail_morphological_033,engineer_info
mail_morphological_034,project_info
mail_morphological_035,engineer_info
mail_morphological_036,project_info
mail_morphological_037,engineer_info
mail_morphological_038,project_info
mail_morphological_039,engineer_info
mail_morphological_040,project_info
mail_morphological_041,engineer_info
mail_morphological_042,project_info
mail_morphological_043,engineer_info
mail_morphological_044,project_info
mail_morphological_045,engineer_info
mail_morphological_046,project_info
mail_morphological_047,engineer_info
mail_morphological_048,project_info
mail_morphological_049,engineer_info
mail_morphological_050,project_info
mail_morphological_051,engineer_info
mail_morphological_052,project_info
mail_morphological_053,engineer_info
mail_morphological_054,project_info
mail_morphological_055,engineer_info
mail_morphological_056,project_info
mail_morphological_057,engineer_info
mail_morphological_058,project_info
mail_morphological_059,engineer_info
mail_morphological_060,project_info
mail_morphological_061,engineer_info
mail_morphological_062,project_info
mail_morphological_063,engineer_info
mail_morphological_064,project_info
mail_morphological_065,engineer_info
mail_morphological_066,project_info
mail_morphological_067,engineer_info
mail_morphological_068,project_info
mail_morphological_069,engineer_info
mail_morphological_070,project_info
mail_morphological_071,engineer_info
mail_morphological_072,project_info
mail_morphological_073,engineer_info
mail_morphological_074,project_info
mail_morphological_075,engineer_info
mail_morphological_076,project_info
mail_morphological_077,engineer_info
mail_morphological_078,project_info
mail_morphological_079,engineer_info
mail_morphological_080,project_info
mail_morphological_081,engineer_info
mail_morphological_082,project_info
mail_morphological_083,engineer_info
mail_morphological_084,project_info
mail_morphological_085,engineer_info
mail_morphological_086,project_info
mail_morphological_087,engineer_info
mail_morphological_088,project_info
mail_morphological_089,engineer_info
mail_morphological_090,project_info
mail_morphological_091,engineer_info
mail_morphological_092,project_info
mail_morphological_093,engineer_info
mail_morphological_094,project_info
mail_morphological_095,engineer_info
mail_morphological_096,project_info
mail_morphological_097,engineer_info
mail_morphological_098,project_info
mail_morphological_099,engineer_info
mail_morphological_100,project_info
